epoch,time,train/box_loss,train/cls_loss,train/dfl_loss,train/kd_cls_loss,train/kd_box_loss,train/kd_feat_loss,train/kd_weight,metrics/precision(B),metrics/recall(B),metrics/mAP50(B),metrics/mAP50-95(B),val/box_loss,val/cls_loss,val/dfl_loss,val/kd_cls_loss,val/kd_box_loss,val/kd_feat_loss,val/kd_weight,lr/pg0,lr/pg1,lr/pg2
1,360.069,0.6162,0.38033,1.19751,0.2583,0.65326,3.02453,0.49718,0.85995,0.53784,0.59847,0.50214,0.96505,1.5945,1.71369,0,0,0,0,0.00332392,0.00332392,0.0700847
2,700.765,0.60993,0.37863,1.19539,0.12659,0.30856,2.03997,0.99713,0.87635,0.52345,0.6359,0.49907,1.08416,1.50154,1.88627,0,0,0,0,0.00665562,0.00665562,0.0400831
3,1022.17,0.63442,0.38509,1.20991,0.12189,0.2861,1.63025,0.99715,0.89992,0.50393,0.55384,0.44393,1.25548,1.73799,2.22085,0,0,0,0,0.00998083,0.00998083,0.010075
4,1343.25,0.67453,0.41082,1.24268,0.12524,0.28677,1.56105,0.99721,0.8258,0.53108,0.54185,0.40469,1.32396,1.75526,2.38375,0,0,0,0,0.00997803,0.00997803,0.00997803
5,1663.92,0.68675,0.4199,1.24807,0.12225,0.27595,1.39119,0.99722,0.75081,0.51514,0.53,0.37235,1.57815,1.88927,2.5827,0,0,0,0,0.00996097,0.00996097,0.00996097
6,1985.12,0.6906,0.4189,1.24955,0.11768,0.26344,1.28957,0.99721,0.56561,0.64356,0.72739,0.53504,1.09766,1.33723,1.94745,0,0,0,0,0.00993906,0.00993906,0.00993906
7,2306.5,0.67519,0.4051,1.23976,0.10913,0.24542,1.19805,0.99721,0.82492,0.51812,0.5857,0.44381,1.26346,1.80347,2.32413,0,0,0,0,0.00991232,0.00991232,0.00991232
8,2627.62,0.68471,0.40907,1.24393,0.10834,0.24223,1.18717,0.99719,0.78961,0.50957,0.57334,0.46081,1.07242,1.69417,1.91492,0,0,0,0,0.00988079,0.00988079,0.00988079
9,2948.49,0.67985,0.41253,1.23951,0.10645,0.23575,1.10375,0.99718,0.87093,0.53484,0.55883,0.44012,1.19998,2.11941,2.18452,0,0,0,0,0.00984449,0.00984449,0.00984449
10,3269.61,0.67108,0.40541,1.23489,0.10211,0.22485,1.01856,0.99719,0.85804,0.52026,0.5589,0.45254,1.08892,1.87653,1.91323,0,0,0,0,0.00980345,0.00980345,0.00980345
11,3590.71,0.66961,0.40274,1.23268,0.09991,0.2195,0.98532,0.99718,0.8739,0.51942,0.55735,0.45746,1.04532,1.88488,1.81342,0,0,0,0,0.00975773,0.00975773,0.00975773
12,3911.84,0.66643,0.39876,1.23002,0.10065,0.22065,0.99711,0.99715,0.89658,0.51018,0.58716,0.44991,1.21376,1.6953,2.0487,0,0,0,0,0.00970736,0.00970736,0.00970736
13,4232.8,0.66961,0.40128,1.23593,0.09796,0.21562,1.01785,0.99718,0.86988,0.50123,0.54505,0.43215,1.25691,2.32828,2.18468,0,0,0,0,0.00965239,0.00965239,0.00965239
14,4553.67,0.66647,0.4053,1.23139,0.09674,0.20932,0.96202,0.99717,0.83821,0.53494,0.56282,0.45058,1.21842,1.98841,2.05144,0,0,0,0,0.00959289,0.00959289,0.00959289
15,4874.56,0.65444,0.39603,1.2225,0.09369,0.20504,0.97735,0.99716,0.87534,0.53107,0.55832,0.45603,1.15744,1.79999,2.04299,0,0,0,0,0.00952889,0.00952889,0.00952889
16,5195.34,0.65863,0.39402,1.22288,0.09253,0.20319,0.93136,0.99717,0.90522,0.51251,0.55736,0.45487,1.21419,2.2129,1.98938,0,0,0,0,0.00946048,0.00946048,0.00946048
17,5516.96,0.65741,0.39328,1.22509,0.09058,0.19688,0.88582,0.99716,0.76387,0.52909,0.58788,0.46668,1.07097,1.88421,1.8283,0,0,0,0,0.00938772,0.00938772,0.00938772
18,5838.65,0.65279,0.38991,1.21936,0.08936,0.19702,0.87768,0.99717,0.79302,0.5204,0.55746,0.45102,1.11631,1.90747,1.94186,0,0,0,0,0.00931067,0.00931067,0.00931067
19,6160.76,0.65578,0.39303,1.2256,0.08923,0.19736,0.89986,0.99718,0.89113,0.53134,0.59048,0.46891,1.07605,1.95496,1.87908,0,0,0,0,0.00922942,0.00922942,0.00922942
20,6482.73,0.65267,0.39502,1.22007,0.08838,0.19562,0.8772,0.99714,0.86404,0.5275,0.5962,0.47903,1.11412,1.83925,1.93996,0,0,0,0,0.00914405,0.00914405,0.00914405
21,6804.92,0.64949,0.394,1.22103,0.0849,0.19024,0.82684,0.99715,0.78559,0.54259,0.59605,0.48741,0.99313,1.80376,1.72092,0,0,0,0,0.00905463,0.00905463,0.00905463
22,7127.23,0.64831,0.38991,1.21762,0.08356,0.18892,0.82627,0.99714,0.91918,0.51051,0.55401,0.4548,1.15646,2.11376,2.05979,0,0,0,0,0.00896127,0.00896127,0.00896127
23,7449.3,0.64547,0.39028,1.21301,0.0835,0.18585,0.82669,0.99714,0.84504,0.52142,0.57263,0.46975,1.03016,1.94803,1.77299,0,0,0,0,0.00886404,0.00886404,0.00886404
24,7771.3,0.64282,0.38619,1.21197,0.0813,0.18159,0.78667,0.99714,0.85218,0.52076,0.57762,0.47886,1.02704,1.92931,1.75743,0,0,0,0,0.00876305,0.00876305,0.00876305
25,8093.57,0.64043,0.38816,1.21191,0.0802,0.17832,0.76025,0.99716,0.78416,0.53192,0.54499,0.45492,1.03555,2.12286,1.82399,0,0,0,0,0.00865839,0.00865839,0.00865839
26,8415.53,0.64028,0.3859,1.21197,0.08203,0.18186,0.80442,0.99713,0.8492,0.52997,0.54628,0.45859,1.0327,2.07168,1.81458,0,0,0,0,0.00855018,0.00855018,0.00855018
27,8737.52,0.64024,0.38054,1.20898,0.08044,0.17726,0.76891,0.99709,0.90635,0.51634,0.55683,0.45499,1.16963,2.1527,1.99619,0,0,0,0,0.00843851,0.00843851,0.00843851
28,9059.32,0.63149,0.37835,1.20576,0.0777,0.17554,0.79208,0.9971,0.8768,0.52291,0.56851,0.46723,1.14383,2.25172,1.98709,0,0,0,0,0.00832349,0.00832349,0.00832349
29,9381.31,0.62976,0.38014,1.20639,0.07812,0.1756,0.80078,0.99713,0.84769,0.53113,0.62877,0.50168,1.03918,1.6915,1.83261,0,0,0,0,0.00820525,0.00820525,0.00820525
30,9706.74,0.62934,0.37814,1.20522,0.07666,0.17539,0.80288,0.99713,0.88576,0.52259,0.58864,0.48272,1.1026,1.67571,1.8915,0,0,0,0,0.00808389,0.00808389,0.00808389
31,10037.6,0.6229,0.37539,1.20095,0.07483,0.16967,0.76119,0.99712,0.90661,0.52493,0.57827,0.47395,1.0155,1.93638,1.7634,0,0,0,0,0.00795954,0.00795954,0.00795954
32,10371.3,0.62177,0.37234,1.19769,0.0744,0.16837,0.72161,0.99711,0.89531,0.52242,0.5816,0.47491,1.02211,1.97575,1.82646,0,0,0,0,0.00783231,0.00783231,0.00783231
33,10694.6,0.62961,0.37444,1.20527,0.07446,0.16983,0.75755,0.99712,0.7539,0.55541,0.57344,0.47498,1.079,2.05484,1.83917,0,0,0,0,0.00770234,0.00770234,0.00770234
34,11016,0.61811,0.36865,1.19824,0.07294,0.16633,0.74284,0.9971,0.7704,0.539,0.59906,0.49487,0.95793,1.75776,1.71142,0,0,0,0,0.00756976,0.00756976,0.00756976
35,11338,0.61627,0.36678,1.19438,0.07202,0.16249,0.70398,0.99712,0.89733,0.52857,0.59606,0.48239,1.06876,1.76823,1.92498,0,0,0,0,0.00743468,0.00743468,0.00743468
36,11660.2,0.61086,0.36814,1.19173,0.07233,0.16039,0.67498,0.99709,0.80992,0.55125,0.59127,0.48228,1.08766,1.91036,1.87584,0,0,0,0,0.00729725,0.00729725,0.00729725
37,11982.3,0.61626,0.36465,1.19762,0.07214,0.16391,0.7283,0.99711,0.88272,0.51559,0.58045,0.48066,1.11722,1.77194,1.92439,0,0,0,0,0.00715761,0.00715761,0.00715761
38,12304.5,0.61322,0.36521,1.19159,0.07184,0.15984,0.6778,0.99706,0.88443,0.53101,0.56801,0.46582,1.15438,1.99036,1.98595,0,0,0,0,0.00701588,0.00701588,0.00701588
39,12626.7,0.60852,0.36569,1.18866,0.07056,0.15769,0.65632,0.99708,0.89733,0.5268,0.57217,0.46737,1.05284,1.85575,1.84369,0,0,0,0,0.00687222,0.00687222,0.00687222
40,12948.5,0.60572,0.35749,1.18763,0.06909,0.15737,0.67414,0.99708,0.78404,0.5485,0.57683,0.4818,1.04636,2.02128,1.80794,0,0,0,0,0.00672675,0.00672675,0.00672675
41,13286.2,0.60437,0.36154,1.18762,0.06927,0.15841,0.69528,0.99707,0.90803,0.51784,0.61553,0.49566,1.03941,1.71732,1.80537,0,0,0,0,0.00657963,0.00657963,0.00657963
42,13631.9,0.60166,0.36254,1.18549,0.06976,0.15583,0.68297,0.99707,0.91352,0.52924,0.66233,0.51762,1.04116,1.57648,1.79937,0,0,0,0,0.00643101,0.00643101,0.00643101
43,13981.4,0.59988,0.35666,1.18578,0.06805,0.15419,0.68211,0.99708,0.91506,0.52767,0.61358,0.50034,1.03123,1.74072,1.78247,0,0,0,0,0.00628101,0.00628101,0.00628101
44,14327.5,0.59496,0.35395,1.18101,0.0672,0.15235,0.67972,0.99707,0.88281,0.5275,0.58029,0.48986,0.98019,1.92084,1.69423,0,0,0,0,0.00612981,0.00612981,0.00612981
45,14677.1,0.59207,0.34875,1.17791,0.06683,0.14922,0.64683,0.99706,0.78244,0.54208,0.57497,0.47765,1.0367,1.99072,1.76872,0,0,0,0,0.00597754,0.00597754,0.00597754
46,15026.7,0.59253,0.35089,1.18264,0.0661,0.14969,0.64513,0.99709,0.84555,0.53447,0.56693,0.4681,1.07379,1.99845,1.8584,0,0,0,0,0.00582435,0.00582435,0.00582435
47,15379.2,0.59291,0.35202,1.18164,0.06604,0.14902,0.65348,0.99706,0.87617,0.52609,0.56369,0.46987,1.12918,1.98353,1.95403,0,0,0,0,0.0056704,0.0056704,0.0056704
48,15733,0.58955,0.34771,1.17828,0.06567,0.14782,0.63545,0.99706,0.91147,0.52953,0.56489,0.47341,1.05351,1.90697,1.83965,0,0,0,0,0.00551584,0.00551584,0.00551584
49,16089.5,0.58912,0.34935,1.17649,0.06598,0.14529,0.60388,0.99705,0.88824,0.52159,0.61377,0.5033,0.9814,1.65863,1.71463,0,0,0,0,0.00536081,0.00536081,0.00536081
50,16439.7,0.58463,0.34667,1.17594,0.06458,0.14441,0.62013,0.99703,0.82092,0.53776,0.56509,0.46712,1.00645,1.91785,1.74667,0,0,0,0,0.00520548,0.00520548,0.00520548
51,16793.3,0.5864,0.34839,1.17738,0.065,0.14308,0.5983,0.99704,0.89131,0.53117,0.57324,0.47403,1.09109,1.90932,1.87099,0,0,0,0,0.00505,0.00505,0.00505
52,17123.5,0.58104,0.34507,1.17132,0.06512,0.14227,0.59534,0.99703,0.91183,0.52609,0.57973,0.48111,1.07519,1.84537,1.84231,0,0,0,0,0.00489452,0.00489452,0.00489452
53,17447.8,0.57439,0.33964,1.16965,0.06335,0.14043,0.58832,0.99705,0.90954,0.53319,0.59187,0.49054,1.06349,1.87169,1.82124,0,0,0,0,0.00473919,0.00473919,0.00473919
54,17771.9,0.57388,0.34174,1.16872,0.06354,0.14027,0.59207,0.99706,0.88081,0.53011,0.60959,0.49979,1.00716,1.78546,1.7589,0,0,0,0,0.00458416,0.00458416,0.00458416
55,18099.5,0.57877,0.34211,1.17016,0.06268,0.13779,0.55585,0.99702,0.80382,0.545,0.60985,0.49917,1.07143,1.77549,1.82327,0,0,0,0,0.0044296,0.0044296,0.0044296
56,18429.9,0.57588,0.33827,1.17023,0.0618,0.13778,0.58014,0.99702,0.85675,0.53674,0.59724,0.49635,1.02703,1.80557,1.73666,0,0,0,0,0.00427565,0.00427565,0.00427565
57,18756.9,0.57255,0.33707,1.1704,0.06128,0.13705,0.58547,0.99703,0.90542,0.52326,0.59394,0.49201,0.99221,1.77518,1.71232,0,0,0,0,0.00412246,0.00412246,0.00412246
58,19084.9,0.57275,0.33651,1.16777,0.0614,0.1365,0.57764,0.99702,0.79957,0.55049,0.59058,0.48745,1.02864,1.79613,1.78329,0,0,0,0,0.00397019,0.00397019,0.00397019
59,19409.7,0.56566,0.33766,1.16414,0.0603,0.13322,0.5456,0.99703,0.81244,0.54575,0.58979,0.49136,0.99714,1.80548,1.74798,0,0,0,0,0.00381899,0.00381899,0.00381899
60,19733.1,0.56632,0.33193,1.16433,0.05945,0.13303,0.54289,0.99702,0.79686,0.55291,0.58609,0.48919,0.99839,1.82004,1.73156,0,0,0,0,0.00366899,0.00366899,0.00366899
61,20056.1,0.56117,0.3365,1.161,0.0596,0.13277,0.57517,0.99705,0.81387,0.5515,0.58479,0.48917,1.00389,1.8269,1.71615,0,0,0,0,0.00352037,0.00352037,0.00352037
62,20379.7,0.55703,0.32969,1.15879,0.05865,0.1308,0.56189,0.99703,0.81621,0.55008,0.58857,0.49188,1.03268,1.79828,1.74121,0,0,0,0,0.00337325,0.00337325,0.00337325
63,20703,0.56256,0.33364,1.16442,0.05875,0.12996,0.5416,0.99703,0.77072,0.55416,0.59451,0.49676,1.00831,1.7789,1.70318,0,0,0,0,0.00322778,0.00322778,0.00322778
64,21025.9,0.5574,0.32933,1.15882,0.05814,0.12832,0.53454,0.99702,0.75393,0.55516,0.60284,0.4979,1.01534,1.75719,1.70751,0,0,0,0,0.00308412,0.00308412,0.00308412
65,21349.3,0.55578,0.32581,1.1593,0.05753,0.12804,0.54554,0.99701,0.89044,0.52459,0.60787,0.49795,1.00576,1.74012,1.70377,0,0,0,0,0.00294239,0.00294239,0.00294239
66,21672.2,0.55716,0.3282,1.15493,0.05737,0.12577,0.488,0.99699,0.90708,0.52181,0.60683,0.4976,1.02743,1.70988,1.75171,0,0,0,0,0.00280275,0.00280275,0.00280275
67,21994.6,0.55171,0.32705,1.1542,0.05698,0.12601,0.52372,0.99699,0.88195,0.52459,0.61473,0.50192,1.03291,1.67055,1.7681,0,0,0,0,0.00266532,0.00266532,0.00266532
68,22316.9,0.54937,0.32544,1.15468,0.05585,0.12415,0.49143,0.99699,0.87911,0.52801,0.60815,0.49953,1.05732,1.69885,1.80384,0,0,0,0,0.00253024,0.00253024,0.00253024
69,22640,0.55244,0.32552,1.15273,0.05566,0.12413,0.50581,0.99699,0.92401,0.51568,0.60408,0.50032,1.05132,1.70654,1.79492,0,0,0,0,0.00239766,0.00239766,0.00239766
70,22962.6,0.547,0.31957,1.15055,0.05499,0.12327,0.50712,0.99702,0.92332,0.51702,0.60138,0.49813,1.0563,1.71787,1.79763,0,0,0,0,0.00226769,0.00226769,0.00226769
71,23285.8,0.54143,0.3191,1.1492,0.05478,0.12215,0.49265,0.99698,0.91595,0.51793,0.60844,0.50168,1.04827,1.69745,1.79158,0,0,0,0,0.00214046,0.00214046,0.00214046
72,23608.2,0.54625,0.32062,1.1531,0.05481,0.1202,0.482,0.99699,0.90796,0.51773,0.603,0.49704,1.04919,1.7089,1.79208,0,0,0,0,0.00201611,0.00201611,0.00201611
73,23931.2,0.54162,0.32172,1.14841,0.05399,0.12125,0.48447,0.99702,0.91731,0.51653,0.59798,0.49417,1.05343,1.74172,1.79843,0,0,0,0,0.00189475,0.00189475,0.00189475
74,24255.8,0.54156,0.31887,1.14656,0.05457,0.12035,0.48217,0.99698,0.916,0.51643,0.5935,0.49147,1.0606,1.75281,1.80965,0,0,0,0,0.00177651,0.00177651,0.00177651
75,24587.7,0.53605,0.31691,1.14775,0.05399,0.11862,0.47474,0.99699,0.84785,0.53311,0.58851,0.48902,1.06797,1.77998,1.82553,0,0,0,0,0.00166149,0.00166149,0.00166149
76,24912.1,0.5385,0.32006,1.1453,0.05389,0.11903,0.46899,0.99697,0.84643,0.53111,0.58597,0.48639,1.06885,1.79365,1.82693,0,0,0,0,0.00154982,0.00154982,0.00154982
77,25234,0.53461,0.31864,1.14606,0.05338,0.11675,0.44929,0.99699,0.87454,0.52534,0.58671,0.48753,1.05308,1.79043,1.80045,0,0,0,0,0.00144161,0.00144161,0.00144161
78,25555.3,0.53305,0.31447,1.14167,0.05258,0.11628,0.46102,0.99694,0.88941,0.52458,0.58973,0.48891,1.03806,1.77973,1.78063,0,0,0,0,0.00133695,0.00133695,0.00133695
79,25876.4,0.53115,0.31221,1.14159,0.05301,0.11474,0.43948,0.99696,0.89042,0.52441,0.58848,0.48838,1.03488,1.78686,1.77556,0,0,0,0,0.00123596,0.00123596,0.00123596
80,26197.8,0.5319,0.31202,1.143,0.05234,0.11463,0.43808,0.99697,0.88686,0.52384,0.5907,0.48966,1.03846,1.78402,1.77769,0,0,0,0,0.00113873,0.00113873,0.00113873
81,26519.1,0.52799,0.31071,1.14333,0.05179,0.11476,0.4552,0.99701,0.89135,0.52159,0.59082,0.48952,1.04235,1.78098,1.77915,0,0,0,0,0.00104537,0.00104537,0.00104537
82,26840.4,0.5286,0.3105,1.14085,0.05185,0.11359,0.41574,0.99695,0.8912,0.52286,0.59117,0.49077,1.03993,1.77739,1.77517,0,0,0,0,0.000955951,0.000955951,0.000955951
83,27161.5,0.52529,0.31061,1.13924,0.05103,0.11319,0.43642,0.99696,0.8909,0.52184,0.59277,0.49242,1.03657,1.77244,1.76969,0,0,0,0,0.000870577,0.000870577,0.000870577
84,27482.2,0.5306,0.31136,1.14314,0.05151,0.11335,0.43476,0.99697,0.8939,0.52084,0.59063,0.49175,1.03692,1.77529,1.77115,0,0,0,0,0.000789327,0.000789327,0.000789327
85,27803.5,0.52727,0.30977,1.1403,0.05121,0.11254,0.43247,0.99695,0.89213,0.52084,0.5896,0.49073,1.04193,1.78469,1.77708,0,0,0,0,0.000712282,0.000712282,0.000712282
86,28134.4,0.39596,0.21456,1.13596,0.05362,0.17691,0.30515,0.99897,0.8948,0.52331,0.58914,0.49218,1.04045,1.79051,1.77383,0,0,0,0,0.000639518,0.000639518,0.000639518
87,28456.2,0.38738,0.20075,1.1255,0.03726,0.11832,0.22716,0.99897,0.88153,0.52608,0.58843,0.49322,1.04333,1.79343,1.77548,0,0,0,0,0.000571106,0.000571106,0.000571106
88,28781,0.38472,0.19767,1.11994,0.03552,0.11134,0.21828,0.99897,0.89716,0.52479,0.58721,0.49374,1.04543,1.79578,1.7791,0,0,0,0,0.000507115,0.000507115,0.000507115
89,29101.7,0.37969,0.19731,1.12072,0.03439,0.1088,0.20518,0.99897,0.89517,0.52452,0.58731,0.49453,1.04816,1.79356,1.78507,0,0,0,0,0.000447606,0.000447606,0.000447606
90,29422,0.37924,0.19551,1.11926,0.03329,0.10622,0.20247,0.99897,0.8923,0.52459,0.58742,0.49483,1.05054,1.79347,1.79048,0,0,0,0,0.00039264,0.00039264,0.00039264
91,29742.4,0.37618,0.19262,1.11795,0.03305,0.10375,0.20014,0.99897,0.89057,0.52459,0.58856,0.49649,1.05156,1.79017,1.79334,0,0,0,0,0.00034227,0.00034227,0.00034227
92,30062.4,0.37492,0.19073,1.11713,0.03256,0.10188,0.19518,0.99896,0.88731,0.52459,0.58824,0.49588,1.0536,1.78818,1.79718,0,0,0,0,0.000296546,0.000296546,0.000296546
93,30382.7,0.37077,0.19129,1.11496,0.03235,0.1023,0.20422,0.99896,0.88569,0.52459,0.58849,0.49716,1.05639,1.7857,1.80313,0,0,0,0,0.000255513,0.000255513,0.000255513
94,30713.4,0.37246,0.18916,1.11302,0.0321,0.10202,0.19871,0.99896,0.88466,0.52487,0.58847,0.4966,1.05805,1.78446,1.80729,0,0,0,0,0.000219212,0.000219212,0.000219212
95,31033.9,0.36954,0.18859,1.1087,0.03201,0.10085,0.19378,0.99896,0.88527,0.52534,0.58851,0.49648,1.06007,1.7833,1.81198,0,0,0,0,0.000187678,0.000187678,0.000187678
96,31354.9,0.36953,0.18805,1.1097,0.03177,0.10092,0.18874,0.99896,0.89551,0.52534,0.58849,0.49613,1.06119,1.78412,1.8149,0,0,0,0,0.000160943,0.000160943,0.000160943
97,31676,0.36562,0.18717,1.11116,0.03159,0.0993,0.20047,0.99896,0.89455,0.52534,0.58858,0.49686,1.06098,1.78274,1.81618,0,0,0,0,0.000139032,0.000139032,0.000139032
98,31997,0.36688,0.1867,1.1078,0.03131,0.1004,0.19501,0.99896,0.89353,0.52534,0.5887,0.49611,1.06097,1.78196,1.81726,0,0,0,0,0.000121968,0.000121968,0.000121968
99,32318,0.3669,0.1868,1.10658,0.03168,0.09961,0.19182,0.99897,0.89347,0.52534,0.58753,0.4959,1.06181,1.78191,1.81892,0,0,0,0,0.000109768,0.000109768,0.000109768
100,32638.8,0.36441,0.18698,1.10856,0.03152,0.09788,0.19434,0.99896,0.89321,0.52498,0.58749,0.4958,1.06155,1.78253,1.81933,0,0,0,0,0.000102443,0.000102443,0.000102443
